Телефон,email,Адрес,сдвиг,Телефон_расшифровка,Адрес_расшифровка,email_расшифровка
47f0896ebfa7f70683e82c26bfdba33178d1d6a8,xgdlt@bpgfjpgsi.qxo,въ. Псчпщэьабявщбэяп Ычщэоьп у.5 щс.476,15,89996999664,ул. Авиаконструктора Микояна д.5 кв.476,irowe@marquardt.biz
329510138dad2c8ae131b6c55a60ff4dbed1a43a,eyzuqky@nuzsgor.ius,Тлмкщужцфкуже щс. к.42 ри.379,6,89019200378,Международная ул. д.42 кв.379,ystokes@hotmail.com
9da60383009e86d30c873f3f2b0a928a34575274,zivlg38@ouiqt.kwu,Ымияхиз ыу. м.44 тк.188,8,89366762354,Удачная ул. д.44 кв.188,randy38@gmail.com
94fd3b56f2fec4c694465c84af9219e3c11d9ab2,erewxewme55@kqemp.gsq,уп. Хпджя и.34 ож.468,4,89106432726,пл. Славы д.34 кв.468,anastasia55@gmail.com
2193b62bcfa2910745a5d80602d721dcc354361a,szgo.dcifcg@acgqwgyw.qca,Юьфтуяаруыяшон бщ. т.73 шр.174,14,89676986297,Рождественская ул. д.73 кв.174,elsa.pouros@mosciski.com
9fd31a1db8d4177b8f624f7642634c515cba9bfd,dbowlvki.toppoboi@rydwksv.myw,эх. Йъапмыфтп Щшхйче-2 о.67 фм.470,10,89868693101,ул. Ярцевские Поляны-2 д.67 кв.470,tremblay.jefferey@hotmail.com
e742b4c0758720cd6e76e87d36dfd58565c18702,mkxot.mnkvhmmx@chgxl.hkz,Вгыцбщут жю. ч.95 эх.462,19,89018960148,Пригожая ул. д.95 кв.462,treva.turcotte@jones.org
ad71f14a8bc97e653a4648423d1028a0e4036d7c,lhlk.ljbo@elqjxfi.zlj,Юдчгьдибчц кв. ы.6 бщ.271,23,89589567019,Знаменская ул. д.6 кв.271,okon.omer@hotmail.com
8d99c58c8f9e4a422f0a74b5528abdcfee62893b,hpmeofs.mjob@mvcpxjua.dpn,Ржсжатмбгтлйк ржс. е.80 лг.247,1,89196876684,Переяславский пер. д.80 кв.247,goldner.lina@lubowitz.com
e2edec54ca67ae51147b00148bd1c5cabe19c750,wkbskxxk17@cmrknox.ybq,Ыкмёхфтчыфту щъ. о.17 фм.496,10,89198688497,Савёлкинский пр. д.17 кв.496,marianna17@schaden.org
8b95d0b94ec883e2280ea7598deb50428d378c6e,jogttg.qubgikq@qanoi.ius,щс. Торсщыф-Тжрсже к.33 ри.137,6,89108689925,ул. Миклухо-Маклая д.33 кв.137,dianna.kovacek@kuhic.com
13f138e5af9ce59d79b0c2635bf53ce4df3fc025,ieih.igyl@bingucf.wig,Лзчзббпэ авеж ш.4 юц.359,20,89998286102,Чугунный мост д.4 кв.359,okon.omer@hotmail.com
bd364baa4de7cf46746b1572cafb819fc663bf65,iygajvea.nqjkhbozkppen@oydiepp.yki,йб. Иювюжхэышц ъ.63 аш.19,22,89017765368,ул. Тимирязева д.63 кв.19,mckenzie.runolfsdottir@schmitt.com
0f252c2479bf6e354967ff6bbe42b578e2e39722,vjwcn.mjafrw@fdwblq.lxv,Иющчхъуйи ьф. н.18 ул.189,9,89168450637,Яхромская ул. д.18 кв.189,mante.darwin@wunsch.com
56bcbc42c33836c8d20372f0bb46116ceeaea136,plndbod56@krwpdlo.frp,2-в Оифрсувзфнгв цо. з.88 не.299,3,89196758378,2-я Леснорядская ул. д.88 кв.299,mikayla56@hotmail.com
27810d28306b0a0765b9b7a5bfbb91ba00a83f04,ltgwkt.chaglmhg@zftbe.vhf,1-ь Рюшэегбъухбчдэыь вшг. ч.47 эх.113,19,89299488080,1-й Электрозаводский пер. д.47 кв.113,sandra.johnston@gmail.com
ed3192791d0ae8396c875b9b1e6e189c068446c1,odwjw07@aeydiwjj.ejbk,йб. Щжювцй ъ.34 аш.173,22,89649854900,ул. Гримау д.34 кв.173,shana07@eichmann.info
df4df66d1f14191b8367166633f18339893cf998,stwezy.vdswpcty@szexltw.nzx,Грцлъюэушьхуф ъры. п.53 хн.88,11,89998643700,Шелапутинский пер. д.53 кв.88,hilton.kshlerin@hotmail.com
44c58c09f65953cb2a923392b0de62a0c1c3e5f2,lblycdre@tfcv.evk,Аяхвявцювыщъ ацб. х.12 ыу.490,17,89367766379,Подсосенский пер. д.12 кв.490,ukuhlman@cole.net
